<keymap version="1" name="Default copy" parent="Mac OS X 10.5+">
  <action id="ActivateDatabaseToolWindow" />
  <action id="ActivateDebugToolWindow">
    <keyboard-shortcut first-keystroke="meta 5" />
    <keyboard-shortcut first-keystroke="meta left_parenthesis" />
  </action>
  <action id="ActivateFavoritesToolWindow">
    <keyboard-shortcut first-keystroke="meta 2" />
  </action>
  <action id="ActivateFindToolWindow">
    <keyboard-shortcut first-keystroke="meta 3" />
    <keyboard-shortcut first-keystroke="meta quotedbl" />
  </action>
  <action id="ActivateProjectToolWindow">
    <keyboard-shortcut first-keystroke="meta 1" />
    <keyboard-shortcut first-keystroke="meta ampersand" />
  </action>
  <action id="ActivateRunToolWindow">
    <keyboard-shortcut first-keystroke="meta 4" />
    <keyboard-shortcut first-keystroke="meta quote" />
  </action>
  <action id="ActivateServicesToolWindow">
    <keyboard-shortcut first-keystroke="meta 8" />
    <keyboard-shortcut first-keystroke="meta exclamation_mark" />
  </action>
  <action id="ActivateStructureToolWindow">
    <keyboard-shortcut first-keystroke="meta 7" />
  </action>
  <action id="ActivateTODOToolWindow">
    <keyboard-shortcut first-keystroke="meta 6" />
    <keyboard-shortcut first-keystroke="meta #10000a7" />
  </action>
  <action id="ActivateTerminalToolWindow">
    <keyboard-shortcut first-keystroke="alt f12" />
    <keyboard-shortcut first-keystroke="meta at" />
  </action>
  <action id="ActivateVersionControlToolWindow">
    <keyboard-shortcut first-keystroke="meta 9" />
  </action>
  <action id="ChangesView.Move" />
  <action id="ChooseRunConfiguration" />
  <action id="CommentByBlockComment">
    <keyboard-shortcut first-keystroke="meta alt slash" />
    <keyboard-shortcut first-keystroke="meta alt divide" />
    <keyboard-shortcut first-keystroke="shift ctrl slash" />
    <keyboard-shortcut first-keystroke="shift ctrl divide" />
    <keyboard-shortcut first-keystroke="shift meta slash" />
    <keyboard-shortcut first-keystroke="shift meta divide" />
    <keyboard-shortcut first-keystroke="shift meta divide" />
    <keyboard-shortcut first-keystroke="meta alt colon" />
  </action>
  <action id="CommentByLineComment">
    <keyboard-shortcut first-keystroke="meta slash" />
    <keyboard-shortcut first-keystroke="meta divide" />
    <keyboard-shortcut first-keystroke="meta colon" />
  </action>
  <action id="Console.TableResult.SetDefault" />
  <action id="Diff.ApplyLeftSide" />
  <action id="Diff.ApplyRightSide" />
  <action id="Diff.NextChange">
    <keyboard-shortcut first-keystroke="shift meta close_bracket" />
  </action>
  <action id="Diff.PrevChange">
    <keyboard-shortcut first-keystroke="shift meta open_bracket" />
  </action>
  <action id="EditorLookupDown" />
  <action id="EditorLookupUp" />
  <action id="ExternalSystem.ProjectRefreshAction" />
  <action id="ExtractInterface">
    <keyboard-shortcut first-keystroke="meta alt i" />
  </action>
  <action id="Git.Commit.And.Push.Executor" />
  <action id="Git.Fetch">
    <keyboard-shortcut first-keystroke="shift ctrl f" />
  </action>
  <action id="Images.Editor.ToggleGrid" />
  <action id="Jdbc.OpenConsole.New.Generate">
    <keyboard-shortcut first-keystroke="alt c" />
  </action>
  <action id="NextEditorTab" />
  <action id="NextTab" />
  <action id="PreviousEditorTab" />
  <action id="PreviousTab" />
  <action id="RearrangeCode">
    <keyboard-shortcut first-keystroke="ctrl alt r" />
  </action>
  <action id="RestoreDefaultLayout" />
  <action id="SelectInProjectView">
    <keyboard-shortcut first-keystroke="shift meta ampersand" />
  </action>
  <action id="ShowContent" />
  <action id="SplitVertically">
    <keyboard-shortcut first-keystroke="ctrl meta s" />
  </action>
  <action id="StringManipulation.ToSnakeCaseOrCamelCase">
    <keyboard-shortcut first-keystroke="shift meta i" />
  </action>
  <action id="Tool_External Tools_PHP Coding Standard Fixer">
    <keyboard-shortcut first-keystroke="meta alt k" />
  </action>
  <action id="Unsplit">
    <keyboard-shortcut first-keystroke="shift ctrl meta s" />
  </action>
  <action id="Vcs.MoveChangedLinesToChangelist" />
</keymap>