<application>
  <component name="com.intellij.ide.ui.customization.CustomActionsSchema">
    <group value="Git.Pull" is_action="true" action_type="1" position="11">
      <path value="root" />
      <path value="Main Toolbar" />
      <option name="myInitialPosition" value="-1" />
    </group>
    <group value="Compare.SameVersion" is_action="true" action_type="1" position="14">
      <path value="root" />
      <path value="Main Toolbar" />
      <option name="myInitialPosition" value="-1" />
    </group>
  </component>
</application>