<application>
  <component name="LocalDatabaseDriverManager" version="201">
    <driver id="mariadb">
      <artifact id="MariaDB Connector J" name="MariaDB Connector J" use="true" version="2.6.0" />
    </driver>
    <driver id="sqlserver.ms">
      <option name="auto-sync" value="false" />
    </driver>
    <driver id="sqlserver.jtds">
      <option name="auto-sync" value="false" />
    </driver>
    <driver id="mysql.8">
      <artifact id="MySQL Connector/J 8" name="MySQL Connector/J 8" use="true" />
    </driver>
    <driver id="oracle">
      <option name="auto-sync" value="false" />
    </driver>
    <driver id="postgresql">
      <artifact id="PostgreSQL" name="PostgreSQL" use="true" version="42.2.5" />
    </driver>
    <driver id="redshift">
      <artifact id="Redshift" name="Redshift" use="true" version="1.2.50.1077" />
    </driver>
    <driver id="sqlite.xerial">
      <artifact id="Xerial SQLiteJDBC" name="Xerial SQLiteJDBC" use="true" version="3.34.0" />
    </driver>
    <driver id="sybase.jtds">
      <option name="auto-sync" value="false" />
    </driver>
    <driver id="sybase.ase">
      <option name="auto-sync" value="false" />
    </driver>
  </component>
</application>