<application>
  <component name="CodeFoldingSettings">
    <option name="COLLAPSE_METHODS" value="true" />
  </component>
  <component name="CodeInsightSettings">
    <option name="SHOW_PARAMETER_NAME_HINTS_ON_COMPLETION" value="true" />
    <option name="AUTO_POPUP_PARAMETER_INFO" value="false" />
    <option name="PARAMETER_INFO_DELAY" value="500" />
    <option name="JAVADOC_INFO_DELAY" value="500" />
    <option name="SHOW_FULL_SIGNATURES_IN_PARAMETER_INFO" value="true" />
    <option name="REFORMAT_ON_PASTE" value="4" />
    <option name="HIGHLIGHT_SCOPE" value="true" />
  </component>
  <component name="DaemonCodeAnalyzerSettings" profile="Simple IT">
    <option name="ERROR_STRIPE_MARK_MIN_HEIGHT" value="3" />
    <option name="NEXT_ERROR_ACTION_GOES_TO_ERRORS_FIRST" value="false" />
    <option name="SHOW_METHOD_SEPARATORS" value="true" />
  </component>
  <component name="DefaultFont">
    <option name="FONT_SIZE" value="14" />
    <option name="FONT_FAMILY" value="Fira Code Retina" />
    <option name="LINE_SPACING" value="1.3" />
    <option name="USE_LIGATURES" value="true" />
    <option name="SECONDARY_FONT_FAMILY" value="JetBrains Mono" />
  </component>
  <component name="EditorSettings">
    <option name="languageBreadcrumbsMap">
      <map>
        <entry key="CSS" value="true" />
        <entry key="HTML" value="true" />
        <entry key="JSON" value="true" />
        <entry key="JavaScript" value="true" />
        <entry key="LESS" value="true" />
        <entry key="PHP" value="true" />
        <entry key="SASS" value="true" />
        <entry key="SCSS" value="true" />
        <entry key="TypeScript" value="true" />
        <entry key="XHTML" value="true" />
        <entry key="XML" value="true" />
        <entry key="yaml" value="true" />
      </map>
    </option>
    <option name="USE_SOFT_WRAPS" value="" />
    <option name="SOFT_WRAP_FILE_MASKS" value="*.md; *.txt; *.rst; *.adoc" />
    <option name="IS_ENSURE_NEWLINE_AT_EOF" value="true" />
    <option name="REMOVE_TRAILING_BLANK_LINES" value="true" />
    <option name="IS_CAMEL_WORDS" value="true" />
    <option name="IS_WHEEL_FONTCHANGE_ENABLED" value="true" />
    <option name="IS_MOUSE_CLICK_SELECTION_HONORS_CAMEL_WORDS" value="false" />
    <option name="KEEP_TRAILING_SPACE_ON_CARET_LINE" value="false" />
  </component>
  <component name="InlayHintsSettings">
    <option name="lastViewedProviderKeyId" value="composer.package.version.hints" />
  </component>
  <component name="JSEditorOptions">
    <option name="START_STRING_INTERPOLATION_ON_TYPING" value="true" />
  </component>
  <component name="PhpCodeFoldingSettings">
    <option name="COLLAPSE_IMPORTS" value="false" />
    <option name="COLLAPSE_FUNCTION_BODY" value="true" />
    <option name="COLLAPSE_METHOD_BODY" value="true" />
  </component>
  <component name="SqlCodeCompletionSettings" AUTO_ALIAS_TABLE="true">
    <option name="autoAliasTable" value="true" />
  </component>
  <component name="TodoConfiguration">
    <pattern pattern="\btodo\b.*" />
    <pattern pattern="\bfixme\b.*" />
  </component>
  <component name="XmlEditorOptions">
    <option name="showCssInlineColorPreview" value="true" />
  </component>
  <component name="XmlFoldingSettings">
    <option name="COLLAPSE_ENTITIES" value="false" />
  </component>
</application>