<application>
  <component name="FileTypeManager" version="18">
    <ignoreFiles list="*.pyc;*.pyo;*.rbc;*~;.DS_Store;.git;.hg;.svn;CVS;RCS;SCCS;__pycache__;_svn;rcs;" />
    <extensionMap>
      <mapping pattern="dv432-IYw0Reu2s7NMsA" type="AUTO_DETECTED" />
      <mapping ext="csv" type="CSV file" />
      <removed_mapping ext="csv" type="CSV/TSV" />
      <mapping pattern="*.json.log" type="JSON" />
      <mapping ext="lock" type="JSON" />
      <mapping pattern="*jsonl.log" type="JSON-lines" />
      <mapping pattern=".php_cs_2.dist" type="PHP" />
      <mapping pattern="oc-generator" type="PHP" />
      <mapping pattern=".php_cs.dist" type="PHP" />
      <mapping pattern=".php_cs.risky.dist" type="PHP" />
      <mapping pattern=".php_cs" type="PHP" />
      <mapping ext="phpt" type="PHP" />
      <mapping pattern="post-team-analytics" type="PLAIN_TEXT" />
      <mapping pattern="test1" type="PLAIN_TEXT" />
      <mapping pattern=".gitIgnore" type="PLAIN_TEXT" />
      <mapping pattern="test2" type="PLAIN_TEXT" />
      <mapping pattern="Makfile" type="PLAIN_TEXT" />
      <mapping pattern="LICENSE" type="PLAIN_TEXT" />
      <mapping pattern=".gitkeep" type="PLAIN_TEXT" />
      <mapping ext="serialized" type="PLAIN_TEXT" />
      <mapping ext="rdb" type="PLAIN_TEXT" />
      <mapping ext="data" type="PLAIN_TEXT" />
      <mapping ext="elementimpl" type="PLAIN_TEXT" />
      <mapping ext="commandimpl" type="PLAIN_TEXT" />
      <mapping ext="expect" type="PLAIN_TEXT" />
      <mapping ext="crontab" type="Shell Script" />
      <mapping ext="dist" type="XML" />
      <mapping ext="xlf" type="XML" />
      <mapping ext="xliff" type="XML" />
      <mapping pattern="*.yml.dist" type="YAML" />
      <mapping pattern="*.yml.dev" type="YAML" />
      <mapping pattern="*.yml.stage" type="YAML" />
      <mapping pattern="component_course" type="YAML" />
      <mapping pattern="authorsByCourses" type="YAML" />
      <mapping pattern="FundingMechanism1" type="YAML" />
      <mapping pattern=".analysis_options" type="YAML" />
      <mapping pattern="ArrayCacheConfig" type="YAML" />
      <mapping pattern="courseLikeByUser" type="YAML" />
      <mapping pattern="tutorial" type="YAML" />
      <removed_mapping ext="bash" approved="true" type="Shell Script" />
      <removed_mapping ext="bat" approved="true" type="PLAIN_TEXT" />
      <removed_mapping ext="cmd" approved="true" type="PLAIN_TEXT" />
      <removed_mapping ext="dockerfile" approved="true" type="textmate" />
      <removed_mapping ext="log" approved="true" type="ANSI Aware" />
      <removed_mapping ext="makefile" approved="true" type="textmate" />
      <removed_mapping ext="phpt" approved="true" type="PHPT" />
      <removed_mapping ext="rb" approved="true" type="PLAIN_TEXT" />
      <removed_mapping ext="sh" approved="true" type="Shell Script" />
      <removed_mapping ext="snakefile" approved="true" type="textmate" />
      <removed_mapping ext="zsh" approved="true" type="Shell Script" />
      <mapping pattern=".gitignore_global" type="Git file" />
    </extensionMap>
  </component>
</application>