<application>
  <component name="NotificationConfiguration" showBalloons="false">
    <notification groupId="Common Version Control Messages" displayType="TOOL_WINDOW" />
    <notification groupId="Database" displayType="TOOL_WINDOW" />
    <notification groupId="Database editor log" displayType="NONE" />
    <notification groupId="Database log" displayType="NONE" />
    <notification groupId="Database view" displayType="TOOL_WINDOW" />
    <notification groupId="External Executable Critical Failures" displayType="STICKY_BALLOON" />
    <notification groupId="Git Important Messages" displayType="STICKY_BALLOON" />
    <notification groupId="Git Messages" displayType="TOOL_WINDOW" />
    <notification groupId="IDE Fatal Errors" displayType="NONE" shouldLog="false" />
    <notification groupId="IDE Usage Statistics" displayType="STICKY_BALLOON" shouldLog="false" />
    <notification groupId="JavaScript Library Management" displayType="STICKY_BALLOON" />
    <notification groupId="LESS Compiler Error Messages" displayType="STICKY_BALLOON" />
    <notification groupId="LESS Compiler Notices" displayType="NONE" />
    <notification groupId="LESS Compiler Successful Compiles" displayType="TOOL_WINDOW" shouldLog="false" />
    <notification groupId="PHP Debugger" displayType="TOOL_WINDOW" />
    <notification groupId="Plugins Lifecycle Group" displayType="STICKY_BALLOON" />
    <notification groupId="Update Checker" displayType="STICKY_BALLOON" />
    <notification groupId="update.available.group" displayType="STICKY_BALLOON" />
    <notification groupId="Web Deployment" displayType="TOOL_WINDOW" shouldLog="false" />
  </component>
</application>