<application>
  <component name="OSFileAssociationPreferences">
    <option name="fileTypeNames">
      <list>
        <option value=".env file" />
        <option value="GitIgnore file" />
        <option value="IgnoreLang file" />
        <option value="ANSI Aware" />
        <option value="AspectJ" />
        <option value="BashPro Shell Script" />
        <option value="BashPro Shell Script-x-bash" />
        <option value="BashPro Shell Script-x-bats" />
        <option value="BashPro Shell Script-x-dash" />
        <option value="BashPro Shell Script-x-ksh" />
        <option value="BashPro Shell Script-x-mksh" />
        <option value="BashPro Shell Script-x-zsh" />
        <option value="CSS" />
        <option value="Ini" />
        <option value="JSON" />
        <option value="JSON-lines" />
        <option value="JSON5" />
        <option value="JavaScript" />
        <option value="Less" />
        <option value="Log" />
        <option value="PHP" />
        <option value="PHP-x-ctp" />
        <option value="PHP-x-hphp" />
        <option value="PHP-x-inc" />
        <option value="PHP-x-module" />
        <option value="PHP-x-php4" />
        <option value="PHP-x-php5" />
        <option value="PHP-x-phpt" />
        <option value="PHP-x-phtml" />
        <option value="PHPT" />
        <option value="RegExp" />
        <option value="SQL" />
        <option value="Smarty" />
        <option value="SmartyConfig" />
        <option value="Twig" />
        <option value="XML" />
        <option value="XML-x-ant" />
        <option value="XML-x-dist" />
        <option value="XML-x-fxml" />
        <option value="XML-x-jhm" />
        <option value="XML-x-jnlp" />
        <option value="XML-x-jrxml" />
        <option value="XML-x-rng" />
        <option value="XML-x-tld" />
        <option value="XML-x-wsdl" />
        <option value="XML-x-xlf" />
        <option value="XML-x-xliff" />
        <option value="XML-x-xsd" />
        <option value="XML-x-xsl" />
        <option value="XML-x-xslt" />
        <option value="XML-x-xul" />
        <option value="DTD" />
        <option value="YAML" />
      </list>
    </option>
    <option name="ideLocationHash" value="80154463FD1C7EBCCFB61F2D82EC9028" />
  </component>
</application>