<application>
  <component name="PhpAutoImport" auto_import_file_scope="true" />
  <component name="PhpInterpreters">
    <interpreters>
      <interpreter id="76836636-f5bf-4344-8f7e-adb5ee0d7e18" name="Default" home="/usr/local/bin/php" debugger_id="php.debugger.XDebug" debugger_extension="xdebug" />
    </interpreters>
  </component>
  <component name="PhpInterpretersPhpInfoCache">
    <phpInfoCache>
      <interpreter name="Default">
        <phpinfo binary_type="PHP" php_cgi="/usr/local/Cellar/php/8.0.0_1/bin/php-cgi" php_cli="/usr/local/Cellar/php/8.0.0_1/bin/php" path_separator=":" version="8.0.0">
          <additional_php_ini>/usr/local/etc/php/8.0/conf.d/error_log.ini, /usr/local/etc/php/8.0/conf.d/ext-apcu.ini, /usr/local/etc/php/8.0/conf.d/ext-opcache.ini, /usr/local/etc/php/8.0/conf.d/ext-xdebug.ini, /usr/local/etc/php/8.0/conf.d/php-memory-limits.ini</additional_php_ini>
          <configuration_file>/usr/local/etc/php/8.0/php.ini</configuration_file>
          <configuration_options>
            <configuration_option name="include_path" value=".:/usr/local/Cellar/php/8.0.0_1/share/php/pear" />
          </configuration_options>
          <debuggers>
            <debugger_info debugger="xdebug" debugger_version="3.0.2">
              <debug_extensions />
            </debugger_info>
          </debuggers>
          <loaded_extensions>
            <extension name="Core" />
            <extension name="FFI" />
            <extension name="PDO" />
            <extension name="PDO_ODBC" />
            <extension name="Phar" />
            <extension name="Reflection" />
            <extension name="SPL" />
            <extension name="SimpleXML" />
            <extension name="Zend OPcache" />
            <extension name="apcu" />
            <extension name="bcmath" />
            <extension name="bz2" />
            <extension name="calendar" />
            <extension name="ctype" />
            <extension name="curl" />
            <extension name="date" />
            <extension name="dba" />
            <extension name="dom" />
            <extension name="exif" />
            <extension name="fileinfo" />
            <extension name="filter" />
            <extension name="ftp" />
            <extension name="gd" />
            <extension name="gettext" />
            <extension name="gmp" />
            <extension name="hash" />
            <extension name="iconv" />
            <extension name="intl" />
            <extension name="json" />
            <extension name="ldap" />
            <extension name="libxml" />
            <extension name="mbstring" />
            <extension name="mysqli" />
            <extension name="mysqlnd" />
            <extension name="odbc" />
            <extension name="openssl" />
            <extension name="pcntl" />
            <extension name="pcre" />
            <extension name="pdo_dblib" />
            <extension name="pdo_mysql" />
            <extension name="pdo_pgsql" />
            <extension name="pdo_sqlite" />
            <extension name="pgsql" />
            <extension name="phpdbg_webhelper" />
            <extension name="posix" />
            <extension name="pspell" />
            <extension name="readline" />
            <extension name="redis" />
            <extension name="session" />
            <extension name="shmop" />
            <extension name="soap" />
            <extension name="sockets" />
            <extension name="sodium" />
            <extension name="sqlite3" />
            <extension name="standard" />
            <extension name="sysvmsg" />
            <extension name="sysvsem" />
            <extension name="sysvshm" />
            <extension name="tidy" />
            <extension name="tokenizer" />
            <extension name="xdebug" />
            <extension name="xml" />
            <extension name="xmlreader" />
            <extension name="xmlwriter" />
            <extension name="xsl" />
            <extension name="zip" />
            <extension name="zlib" />
          </loaded_extensions>
        </phpinfo>
      </interpreter>
    </phpInfoCache>
  </component>
  <component name="PhpSmartKeysConfiguration">
    <option name="selectVariableNameWithoutDollar" value="true" />
    <option name="smartFunctionParametersCompletion" value="true" />
  </component>
</application>