<application>
  <component name="PostfixTemplates">
    <template id="match@userDefined" key=".match" provider="builtin.php" topmost="false">
      <conditions />
      <template name="fakeKey" value="false !== strpos($EXPR$, '$END$')" toReformat="true" toShortenFQNames="true" />
    </template>
    <template id="in@userDefined" key=".in" provider="builtin.php" topmost="false">
      <conditions />
      <template name="fakeKey" value="in_array($EXPR$, [$END$], true)" description="" toReformat="true" toShortenFQNames="true" />
    </template>
  </component>
</application>