<application>
  <component name="PhpThisOrSelfImportFilteringUsageSetting">
    <option name="SHOW_THIS_OR_SELF_REFERENCES" value="true" />
  </component>
  <component name="ShowUsagesSettings">
    <option name="GROUP_BY_FILE_STRUCTURE" value="true" />
  </component>
  <component name="UsageViewSettings">
    <option name="FLATTEN_MODULES" value="false" />
    <option name="GROUP_BY_SCOPE" value="true" />
    <option name="PREVIEW_USAGES_SPLITTER_PROPORTIONS" value="0.45700377" />
  </component>
</application>